{"metadata":{"modules":{"imports":[],"exports":{"exported":[],"specifiers":[]}},"usedHelpers":[]},"ignored":false,"code":"Meteor.methods({\n    addCategory: function (name) {\n        Categories.insert({\n            name: name\n        });\n    }\n});","ast":null,"map":{"version":3,"sources":["/server/methods.js"],"names":[],"mappings":"AAAA,MAAM,CAAC,OAAO,CAAC;AACX,eAAW,EAAE,UAAS,IAAI,EAAE;AACxB,kBAAU,CAAC,MAAM,CAAC;AACd,gBAAI,EAAE,IAAI;SACb,CAAC,CAAA;KACL;CACJ,CAAC,CAAC","file":"/server/methods.js.map","sourcesContent":["Meteor.methods({\r\n    addCategory: function(name) {\r\n        Categories.insert({\r\n            name: name\r\n        })\r\n    }\r\n});\r\n\r\n"]},"hash":"15193dcf48c616c50d977196aa32e022d5c81c00"}
