{"metadata":{"modules":{"imports":[],"exports":{"exported":[],"specifiers":[]}},"usedHelpers":[]},"ignored":false,"code":"Template.createCategory.helpers({\n    categories: function () {\n        return Categories.find({});\n    }\n\n});\n\nTemplate.createCategory.events({\n    'submit': function (event) {\n        event.preventDefault();\n\n        var name = event.target.name.value;\n\n        if (name) {\n            Method.call('addCategory', name);\n        }\n    }\n});","ast":null,"map":{"version":3,"sources":["/client/controllers/create-category.js"],"names":[],"mappings":"AAAA,QAAQ,CAAC,cAAc,CAAC,OAAO,CAAC;AAC5B,cAAU,EAAE,YAAW;AACnB,eAAO,UAAU,CAAC,IAAI,CAAC,EAAE,CAAC,CAAC;KAC9B;;CAEJ,CAAC,CAAC;;AAEH,QAAQ,CAAC,cAAc,CAAC,MAAM,CAAC;AAC5B,YAAQ,EAAE,UAAU,KAAK,EAAE;AACvB,aAAK,CAAC,cAAc,EAAE,CAAC;;AAEvB,YAAI,IAAI,GAAG,KAAK,CAAC,MAAM,CAAC,IAAI,CAAC,KAAK,CAAC;;AAEnC,YAAG,IAAI,EAAE;AACL,kBAAM,CAAC,IAAI,CAAC,aAAa,EAAE,IAAI,CAAC,CAAC;SACpC;KAEJ;CACH,CAAC,CAAC","file":"/client/controllers/create-category.js.map","sourcesContent":["Template.createCategory.helpers({\r\n    categories: function() {\r\n        return Categories.find({});\r\n    }\r\n\r\n});\r\n\r\nTemplate.createCategory.events({\r\n   'submit': function (event) {\r\n       event.preventDefault();\r\n\r\n       var name = event.target.name.value;\r\n\r\n       if(name) {\r\n           Method.call('addCategory', name);\r\n       }\r\n\r\n   }\r\n});"]},"hash":"3127bfd1d620dfde18f3081fdc1dacc219775a7e"}
