{"metadata":{"modules":{"imports":[],"exports":{"exported":[],"specifiers":[]}},"usedHelpers":[]},"ignored":false,"code":"/**\r\n *  MongoDB Collections\r\n */\n\nEvents = new Mongo.Collection('events');\nCategories = new Mongo.Collection('categories');\nBets = new Mongo.Collection('bets');","ast":null,"map":{"version":3,"sources":["/lib/collections.js"],"names":[],"mappings":";;;;AAIA,MAAM,GAAG,IAAI,KAAK,CAAC,UAAU,CAAC,QAAQ,CAAC,CAAC;AACxC,UAAU,GAAG,IAAI,KAAK,CAAC,UAAU,CAAC,YAAY,CAAC,CAAC;AAChD,IAAI,GAAG,IAAI,KAAK,CAAC,UAAU,CAAC,MAAM,CAAC,CAAC","file":"/lib/collections.js.map","sourcesContent":["/**\r\n *  MongoDB Collections\r\n */\r\n\r\nEvents = new Mongo.Collection('events');\r\nCategories = new Mongo.Collection('categories');\r\nBets = new Mongo.Collection('bets');"]},"hash":"4cc814ba74d43d18da53848aac3a83ccbe4040ab"}
