{"metadata":{"modules":{"imports":[],"exports":{"exported":[],"specifiers":[]}},"usedHelpers":[]},"ignored":false,"code":"Template.welcome.helpers({\n  counter: function () {\n    return Session.get('counter');\n  }\n});\n\nTemplate.welcome.events({\n  'click form': function () {\n    Session.set('counter', Session.get('counter') + 1);\n  }\n});","ast":null,"map":{"version":3,"sources":["/client/controllers/welcome.js"],"names":[],"mappings":"AAAA,QAAQ,CAAC,OAAO,CAAC,OAAO,CAAC;AACvB,SAAO,EAAE,YAAY;AACnB,WAAO,OAAO,CAAC,GAAG,CAAC,SAAS,CAAC,CAAC;GAC/B;CACF,CAAC,CAAC;;AAEH,QAAQ,CAAC,OAAO,CAAC,MAAM,CAAC;AACtB,cAAY,EAAE,YAAY;AACxB,WAAO,CAAC,GAAG,CAAC,SAAS,EAAE,OAAO,CAAC,GAAG,CAAC,SAAS,CAAC,GAAG,CAAC,CAAC,CAAC;GACpD;CACF,CAAC,CAAC","file":"/client/controllers/welcome.js.map","sourcesContent":["Template.welcome.helpers({\r\n  counter: function () {\r\n    return Session.get('counter');\r\n  }\r\n});\r\n\r\nTemplate.welcome.events({\r\n  'click form': function () {\r\n    Session.set('counter', Session.get('counter') + 1);\r\n  }\r\n});\r\n"]},"hash":"4fe5edd31061044c8e5c3a17e658f11b646b4c4a"}
