{"metadata":{"modules":{"imports":[],"exports":{"exported":[],"specifiers":[]}},"usedHelpers":[]},"ignored":false,"code":"Template.login.helpers({});\n\nTemplate.login.events({\n    'submit': function (event) {\n        event.preventDefault();\n\n        var userName = event.target.username.value;\n        var password = event.target.password.value;\n\n        Meteor.loginWithPassword(userName, password, function (error) {\n            if (error) {\n                return console.log('Meteor.loginWithPassword() error!');\n            }\n            Router.go('welcome');\n        });\n    }\n});","ast":null,"map":{"version":3,"sources":["/client/controllers/login.js"],"names":[],"mappings":"AAAA,QAAQ,CAAC,KAAK,CAAC,OAAO,CAAC,EAEtB,CAAC,CAAC;;AAEH,QAAQ,CAAC,KAAK,CAAC,MAAM,CAAC;AAClB,YAAQ,EAAE,UAAS,KAAK,EAAE;AACtB,aAAK,CAAC,cAAc,EAAE,CAAC;;AAEvB,YAAI,QAAQ,GAAG,KAAK,CAAC,MAAM,CAAC,QAAQ,CAAC,KAAK,CAAC;AAC3C,YAAI,QAAQ,GAAG,KAAK,CAAC,MAAM,CAAC,QAAQ,CAAC,KAAK,CAAC;;AAE3C,cAAM,CAAC,iBAAiB,CAAC,QAAQ,EAAE,QAAQ,EAAE,UAAS,KAAK,EAAE;AACzD,gBAAI,KAAK,EAAE;AACP,uBAAO,OAAO,CAAC,GAAG,CAAC,mCAAmC,CAAC,CAAC;aAC3D;AACD,kBAAM,CAAC,EAAE,CAAC,SAAS,CAAC,CAAC;SACxB,CAAC,CAAC;KACN;CACJ,CAAC,CAAC","file":"/client/controllers/login.js.map","sourcesContent":["Template.login.helpers({\r\n\r\n});\r\n\r\nTemplate.login.events({\r\n    'submit': function(event) {\r\n        event.preventDefault();\r\n\r\n        var userName = event.target.username.value;\r\n        var password = event.target.password.value;\r\n\r\n        Meteor.loginWithPassword(userName, password, function(error) {\r\n            if (error) {\r\n                return console.log('Meteor.loginWithPassword() error!');\r\n            }\r\n            Router.go('welcome');\r\n        });\r\n    }\r\n});\r\n"]},"hash":"5ccd61404369d8a9a89214adae798d98e2372d52"}
