{"metadata":{"modules":{"imports":[],"exports":{"exported":[],"specifiers":[]}},"usedHelpers":[]},"ignored":false,"code":"Meteor.publish('events', function () {\n    return Events.find({});\n});\n\nMeteor.publish('categories', function () {\n    return Categories.find({});\n});\n\nMeteor.publish('bets', function () {\n    return Bets.find({});\n});\n\nMeteor.startup(function () {\n\n    /*\r\n     * Init admin\r\n     */\n    Accounts.createUser({\n        username: 'admin',\n        email: 'admin@hatodik.hu',\n        password: 'admin',\n        profile: {\n            isAdmin: true,\n            points: 0\n        }\n    });\n});","ast":null,"map":{"version":3,"sources":["/server/startup.js"],"names":[],"mappings":"AAAA,MAAM,CAAC,OAAO,CAAC,QAAQ,EAAE,YAAW;AAChC,WAAO,MAAM,CAAC,IAAI,CAAC,EAAE,CAAC,CAAC;CAC1B,CAAC,CAAC;;AAEH,MAAM,CAAC,OAAO,CAAC,YAAY,EAAE,YAAW;AACpC,WAAO,UAAU,CAAC,IAAI,CAAC,EAAE,CAAC,CAAC;CAC9B,CAAC,CAAC;;AAEH,MAAM,CAAC,OAAO,CAAC,MAAM,EAAE,YAAW;AAC9B,WAAO,IAAI,CAAC,IAAI,CAAC,EAAE,CAAC,CAAC;CACxB,CAAC,CAAC;;AAEH,MAAM,CAAC,OAAO,CAAC,YAAY;;;;;AAKvB,YAAQ,CAAC,UAAU,CAAC;AAChB,gBAAQ,EAAE,OAAO;AACjB,aAAK,EAAE,kBAAkB;AACzB,gBAAQ,EAAE,OAAO;AACjB,eAAO,EAAE;AACL,mBAAO,EAAE,IAAI;AACb,kBAAM,EAAE,CAAC;SACZ;KACJ,CAAC,CAAC;CAEN,CAAC,CAAC","file":"/server/startup.js.map","sourcesContent":["Meteor.publish('events', function() {\r\n    return Events.find({});\r\n});\r\n\r\nMeteor.publish('categories', function() {\r\n    return Categories.find({});\r\n});\r\n\r\nMeteor.publish('bets', function() {\r\n    return Bets.find({});\r\n});\r\n\r\nMeteor.startup(function () {\r\n\r\n    /*\r\n     * Init admin\r\n     */\r\n    Accounts.createUser({\r\n        username: 'admin',\r\n        email: 'admin@hatodik.hu',\r\n        password: 'admin',\r\n        profile: {\r\n            isAdmin: true,\r\n            points: 0\r\n        }\r\n    });\r\n\r\n});\r\n\r\n"]},"hash":"c5e7e670c63e4319e81c7998494d38a48aeb5029"}
