{"metadata":{"modules":{"imports":[],"exports":{"exported":[],"specifiers":[]}},"usedHelpers":[]},"ignored":false,"code":"ECMAScript = {\n  compileForShell: function (command) {\n    var babelOptions = Babel.getDefaultOptions();\n    babelOptions.sourceMap = false;\n    babelOptions.ast = false;\n    babelOptions.externalHelpers = true;\n    return Babel.compile(command, babelOptions).code;\n  }\n};","ast":null,"map":{"version":3,"sources":["/ecmascript.js"],"names":[],"mappings":"AAAA,UAAU,GAAG;AACX,iBAAe,EAAA,UAAC,OAAO,EAAE;AACvB,QAAM,YAAY,GAAG,KAAK,CAAC,iBAAiB,EAAE,CAAC;AAC/C,gBAAY,CAAC,SAAS,GAAG,KAAK,CAAC;AAC/B,gBAAY,CAAC,GAAG,GAAG,KAAK,CAAC;AACzB,gBAAY,CAAC,eAAe,GAAG,IAAI,CAAC;AACpC,WAAO,KAAK,CAAC,OAAO,CAAC,OAAO,EAAE,YAAY,CAAC,CAAC,IAAI,CAAC;GAClD;CACF,CAAC","file":"/ecmascript.js.map","sourcesContent":["ECMAScript = {\n  compileForShell(command) {\n    const babelOptions = Babel.getDefaultOptions();\n    babelOptions.sourceMap = false;\n    babelOptions.ast = false;\n    babelOptions.externalHelpers = true;\n    return Babel.compile(command, babelOptions).code;\n  }\n};\n"]},"hash":"cc06f145da4e8edc241e8677f88fc1b743b55c2c"}
