{"metadata":{"modules":{"imports":[],"exports":{"exported":[],"specifiers":[]}},"usedHelpers":[]},"ignored":false,"code":"Template.signup.helpers({});\n\nTemplate.signup.events({\n    'submit': function (event, template) {\n        event.preventDefault();\n\n        var userName = event.target.username.value;\n        var email = event.target.email.value;\n        var password = event.target.password.value;\n\n        /*\r\n        var email = template.$('[name=email]').val();\r\n        var password = template.$('[name=password]').val();\r\n        var confirm = template.$('[name=confirm]').val();\r\n        */\n\n        var errors = {};\n\n        if (!email) {\n            errors.email = 'Email required';\n        }\n\n        if (!password) {\n            errors.password = 'Password required';\n        }\n\n        /*\r\n        Session.set(ERRORS_KEY, errors);\r\n        if (_.keys(errors).length) {\r\n            return;\r\n        }\r\n        */\n\n        Accounts.createUser({\n            username: userName,\n            email: email,\n            password: password,\n            createdAt: new Date()\n        }, function (error) {\n            if (error) {\n                return console.error('Accounts.createUser error!');\n            }\n\n            Router.go('login');\n        });\n    }\n});","ast":null,"map":{"version":3,"sources":["/client/controllers/signup.js"],"names":[],"mappings":"AAAA,QAAQ,CAAC,MAAM,CAAC,OAAO,CAAC,EAEvB,CAAC,CAAC;;AAEH,QAAQ,CAAC,MAAM,CAAC,MAAM,CAAC;AACnB,YAAQ,EAAE,UAAS,KAAK,EAAE,QAAQ,EAAE;AAChC,aAAK,CAAC,cAAc,EAAE,CAAC;;AAEvB,YAAI,QAAQ,GAAG,KAAK,CAAC,MAAM,CAAC,QAAQ,CAAC,KAAK,CAAC;AAC3C,YAAI,KAAK,GAAG,KAAK,CAAC,MAAM,CAAC,KAAK,CAAC,KAAK,CAAC;AACrC,YAAI,QAAQ,GAAG,KAAK,CAAC,MAAM,CAAC,QAAQ,CAAC,KAAK,CAAC;;;;;;;;AAQ3C,YAAI,MAAM,GAAG,EAAE,CAAC;;AAEhB,YAAI,CAAE,KAAK,EAAE;AACT,kBAAM,CAAC,KAAK,GAAG,gBAAgB,CAAC;SACnC;;AAED,YAAI,CAAE,QAAQ,EAAE;AACZ,kBAAM,CAAC,QAAQ,GAAG,mBAAmB,CAAC;SACzC;;;;;;;;;AASD,gBAAQ,CAAC,UAAU,CAAC;AAChB,oBAAQ,EAAE,QAAQ;AAClB,iBAAK,EAAE,KAAK;AACZ,oBAAQ,EAAE,QAAQ;AAClB,qBAAS,EAAE,IAAI,IAAI,EAAE;SACxB,EAAE,UAAS,KAAK,EAAE;AACf,gBAAI,KAAK,EAAE;AACP,uBAAO,OAAO,CAAC,KAAK,CAAC,4BAA4B,CAAC,CAAC;aACtD;;AAED,kBAAM,CAAC,EAAE,CAAC,OAAO,CAAC,CAAC;SACtB,CAAC,CAAC;KACN;CACJ,CAAC,CAAC","file":"/client/controllers/signup.js.map","sourcesContent":["Template.signup.helpers({\r\n\r\n});\r\n\r\nTemplate.signup.events({\r\n    'submit': function(event, template) {\r\n        event.preventDefault();\r\n\r\n        var userName = event.target.username.value;\r\n        var email = event.target.email.value;\r\n        var password = event.target.password.value;\r\n\r\n        /*\r\n        var email = template.$('[name=email]').val();\r\n        var password = template.$('[name=password]').val();\r\n        var confirm = template.$('[name=confirm]').val();\r\n        */\r\n\r\n        var errors = {};\r\n\r\n        if (! email) {\r\n            errors.email = 'Email required';\r\n        }\r\n\r\n        if (! password) {\r\n            errors.password = 'Password required';\r\n        }\r\n\r\n        /*\r\n        Session.set(ERRORS_KEY, errors);\r\n        if (_.keys(errors).length) {\r\n            return;\r\n        }\r\n        */\r\n\r\n        Accounts.createUser({\r\n            username: userName,\r\n            email: email,\r\n            password: password,\r\n            createdAt: new Date(),\r\n        }, function(error) {\r\n            if (error) {\r\n                return console.error('Accounts.createUser error!');\r\n            }\r\n\r\n            Router.go('login');\r\n        });\r\n    }\r\n});\r\n"]},"hash":"d09264836e0c194dcae01c96767d917e2824e4eb"}
