{"metadata":{"modules":{"imports":[],"exports":{"exported":[],"specifiers":[]}},"usedHelpers":[]},"ignored":false,"code":"/**\r\n * Router configuration.\r\n * Application layout definition.\r\n */\nRouter.configure({\n    layoutTemplate: 'defaultLayout'\n});\n\nRouter.onBeforeAction(function () {\n    if (!Meteor.userId()) {\n        this.redirect('/');\n    } else {\n        this.next();\n    }\n});\n\n/**\r\n *  ROUTES\r\n */\n\nRouter.route('/', {\n    name: 'welcome',\n    template: 'welcome'\n});\n\nRouter.route('/login');\nRouter.route('/admin/create_user');\n\nRouter.route('/admin/create_category', {\n    subscriptions: function () {\n        return [Meteor.subscribe('catego'), Meteor.subscribe('userIds')];\n    }\n});","ast":null,"map":{"version":3,"sources":["/lib/routes.js"],"names":[],"mappings":";;;;AAIA,MAAM,CAAC,SAAS,CAAC;AACb,kBAAc,EAAE,eAAe;CAClC,CAAC,CAAC;;AAGH,MAAM,CAAC,cAAc,CAAC,YAAY;AAC9B,QAAI,CAAC,MAAM,CAAC,MAAM,EAAE,EAAE;AAClB,YAAI,CAAC,QAAQ,CAAC,GAAG,CAAC,CAAC;KACtB,MAAM;AACH,YAAI,CAAC,IAAI,EAAE,CAAC;KACf;CACJ,CAAC,CAAC;;;;;;AAMH,MAAM,CAAC,KAAK,CAAC,GAAG,EAAE;AACd,QAAI,EAAM,SAAS;AACnB,YAAQ,EAAE,SAAS;CACtB,CAAC,CAAC;;AAEH,MAAM,CAAC,KAAK,CAAC,QAAQ,CAAC,CAAC;AACvB,MAAM,CAAC,KAAK,CAAC,oBAAoB,CAAC,CAAC;;AAEnC,MAAM,CAAC,KAAK,CAAC,wBAAwB,EAAE;AACnC,iBAAa,EAAE,YAAW;AACtB,eAAO,CACH,MAAM,CAAC,SAAS,CAAC,QAAQ,CAAC,EAC1B,MAAM,CAAC,SAAS,CAAC,SAAS,CAAC,CAC9B,CAAC;KACL;CACJ,CAAC,CAAC","file":"/lib/routes.js.map","sourcesContent":["/**\r\n * Router configuration.\r\n * Application layout definition.\r\n */\r\nRouter.configure({\r\n    layoutTemplate: 'defaultLayout'\r\n});\r\n\r\n\r\nRouter.onBeforeAction(function () {\r\n    if (!Meteor.userId()) {\r\n        this.redirect('/');\r\n    } else {\r\n        this.next();\r\n    }\r\n});\r\n\r\n/**\r\n *  ROUTES\r\n */\r\n\r\nRouter.route('/', {\r\n    name:     'welcome',\r\n    template: 'welcome'\r\n});\r\n\r\nRouter.route('/login');\r\nRouter.route('/admin/create_user');\r\n\r\nRouter.route('/admin/create_category', {\r\n    subscriptions: function() {\r\n        return [\r\n            Meteor.subscribe('catego'),\r\n            Meteor.subscribe('userIds')\r\n        ];\r\n    }\r\n});"]},"hash":"feb590146c18109a73982f71ab33afbd5100e5af"}
